93.3 FM Maringá	Maringá	FM	93.3	1
Essência Gospel FM 96.7 FM	Foz do Iguaçu	FM	96.7	1
Nossa Rádio 91.7 FM	Bituruna	FM	91.7	1
Rádio 102.9 FM	Rio Branco do Sul	FM	102.9	1
Rádio 104 FM	Cambará	FM	-	1
Rádio 104 FM	Cornélio Procópio	FM	-	1
Rádio 104 FM	Goioerê	FM	-	1
Radio 87.9 FM	Sarandi	FM	87.9	1
Rádio 89 FM Rádio Rock 89.3 FM	Curitiba	FM	89.3	1
Rádio 91 FM	Curitiba	FM	-	1
Rádio 92 FM	Guarapuava	FM	-	1
Rádio 93 FM	Foz do Iguaçu	FM	-	1
Rádio 97.7 FM	Foz do Iguaçu	FM	97.7	1
Rádio 98 FM	Apucarana	FM	-	2
Rádio 98 FM 98.9	Curitiba	FM	98.9	2
Rádio Abatiá 87.9 FM	Abatiá	FM	87.9	2
Rádio Abdallah 104.1 FM	Iporã	FM	104.1	2
Rádio Absoluta 104.9 FM	Realeza	FM	104.9	2
Rádio Acesa 104.9 FM	Santo Antônio do Sudoeste	FM	104.9	2
Rádio Adecis 98.7 FM	Itaúna do Sul	FM	98.7	2
Rádio Adulta 94.9 FM	Telêmaco Borba	FM	94.9	2
Rádio Advento 87.9 FM	Londrina	FM	87.9	2
Rádio Ágape 1400 AM	Balsa Nova	AM	1400	2
Rádio Agora 87.7 FM	Mandaguari	FM	87.7	2
Rádio Água Viva 91.9 FM	Apucarana	FM	91.9	2
Rádio Alagados 87.9 FM	Mangueirinha	FM	87.9	2
Rádio Alegria 104.9 FM	Flor da Serra do Sul	FM	104.9	2
Rádio Aliança 87.9 FM	Jaguariaíva	FM	87.9	2
Rádio Aliança 98.3 FM	Paranaguá	FM	98.3	2
Rádio Aline 93.7 FM	Umuarama	FM	93.7	2
Rádio Alpha 90.1 FM	Curitiba	FM	90.1	2
Rádio Alternativa 104.9 FM	Corbélia	FM	104.9	2
Rádio Alternativa 87.9 FM	Guaratuba	FM	87.9	2
Rádio Alvorada 102.5 FM	Rebouças	FM	102.5	2
Rádio Alvorada 105.9 FM	São Pedro do Iguaçu	FM	105.9	2
Rádio Alvorada 106.3 FM	Londrina	FM	106.3	3
Rádio América 95.3 FM	Imbituva	FM	95.3	3
Rádio Amiga 101.3 FM	Formosa do Oeste	FM	101.3	3
Rádio Amizade 99.7 FM	Umuarama	FM	99.7	3
Rádio Ampére 105.7 FM	Ampére	FM	105.7	3
Rádio Antena 1 101.1 FM	Foz do Iguaçu	FM	101.1	3
Rádio Antena 1 90.7 FM	Curitiba	FM	90.7	3
Rádio Antena Sul 102.7 FM	Castro	FM	102.7	3
Rádio Antoninense 98.3 FM	Antonina	FM	98.3	3
Rádio Aparecida 105.9 FM	Serranópolis do Iguaçu	FM	105.9	3
Radio Aquarela 88.5 FM	Realeza	FM	88.5	3
Rádio Aquarius 87.9 FM	Jandaia do Sul	FM	87.9	3
Rádio Arapongas 88.9 FM	Arapongas	FM	88.9	3
Rádio Araucária 95.1 FM	Mangueirinha	FM	95.1	3
Rádio Arena 103.1 FM	Ubiratã	FM	103.1	3
Rádio Arena 89.1 FM	Icaraíma	FM	89.1	3
Rádio Arena 97.7 FM	Campo Mourão	FM	97.7	3
Rádio Astorga 103.9 FM	Astorga	FM	103.9	3
Rádio Atitude 93.7 FM	Santo Antônio do Sudoeste	FM	93.7	3
Rádio Ativa 100.3 FM	Pato Branco	FM	100.3	3
Rádio Ativa 105.5 FM	Dois Vizinhos	FM	105.5	3
Rádio Ativa 87.5 FM	Matinhos	FM	87.5	3
Rádio Ativa 87.9 FM	Ibaiti	FM	87.9	4
Rádio Ativa 87.9 FM	Ivaí	FM	87.9	4
Rádio Ativa 87.9 FM	Vera Cruz do Oeste	FM	87.9	4
Rádio Atlântida 94.1 FM	Marechal Cândido Rondon	FM	94.1	4
Rádio Aurora 87.9 FM	Piraquara	FM	87.9	4
Rádio Band FM 100.5	Foz do Iguaçu	FM	100.5	4
Rádio Banda B 650 AM	Cambará	AM	650	4
Rádio Banda B 89.7 FM	Curitiba	FM	89.7	1
Rádio BandNews 85.3 FM	Curitiba	FM	85.3	4
Rádio BandNews 96.3 FM	Curitiba	FM	96.3	4
Rádio BBN 92.3 FM	Curitiba	FM	92.3	4
Rádio BBN 96.1 FM	Cornélio Procópio	FM	96.1	4
Rádio Beija Flor 98.3 FM	Contenda	FM	98.3	4
Rádio Bela 90.7 FM	Cândido de Abreu	FM	90.7	4
Rádio Bela 96.5 FM	Reserva	FM	96.5	4
Rádio Bella 97.3 FM	Santo Antônio do Sudoeste	FM	97.3	4
Rádio Betel 104.9 FM	Guarapuava	FM	104.9	4
Rádio Boa Nova 87.9 FM	Pérola	FM	87.9	4
Rádio Boa Vista 104.9 FM	Boa Vista da Aparecida	FM	104.9	4
Rádio Bom Jesus 93.9 FM	Siqueira Campos	FM	93.9	4
Rádio Bom Sucesso 104.9 FM	Bom Sucesso do Sul	FM	104.9	4
Rádio Brasil Sul 92.7 FM	Londrina	FM	92.7	4
Rádio Brotas 88.3 FM	Piraí do Sul	FM	88.3	4
Rádio Cabiúna 94.7 FM	Bandeirantes	FM	94.7	5
Rádio Caiobá 102.3 FM	Curitiba	FM	102.3	5
Rádio Caiuá 103.5 FM	Paranavaí	FM	103.5	5
Rádio Califórnia 87.9 FM	Califórnia	FM	87.9	5
Rádio Cambé 770 AM	Cambé	AM	770	5
Rádio Cambé 87.7 FM	Cambé	FM	87.7	5
Rádio Campo Aberto 94.1 FM	Laranjeiras do Sul	FM	94.1	5
Rádio Campo Bonito 104.9 FM	Campo Bonito	FM	104.9	5
Rádio Campos Dourados 99.9 FM	Medianeira	FM	99.9	5
Rádio Cana Verde 98.3 FM	Siqueira Campos	FM	98.3	5
Rádio Canção Nova 105.3 FM	Nova Esperança	FM	105.3	5
Rádio Canção Nova 80.9 FM	Curitiba	FM	80.9	5
Rádio Canoa Grande FM 87.7	Iguaraçu	FM	87.7	1
Radio Cantagalo 87.9 FM	Cantagalo	FM	87.9	5
Rádio Cantu 96.7 FM	Guaraniaçu	FM	96.7	5
Rádio Capanema 90.5 FM	Capanema	FM	90.5	5
Rádio Capital 102.7 FM	Cascavel	FM	102.7	5
Rádio Capital 91.9 FM	Cianorte	FM	91.9	5
Rádio Capital do Papel 101.9 FM	Telêmaco Borba	FM	101.9	5
Rádio Carlopolitana 87.9 FM	Carlópolis	FM	87.9	5
Rádio Carol 87.9 FM	Francisco Alves	FM	87.9	5
Rádio Castelo 104.9 FM	Santa Cruz de Monte Castelo	FM	104.9	5
Rádio Castro 95.5 FM	Castro	FM	95.5	5
Rádio Catedral 94.5 FM	Palmas	FM	94.5	6
Rádio Catve 94.5 FM	Cascavel	FM	94.5	6
Rádio CBN 1320 AM	Foz do Iguaçu	AM	1320	6
Rádio CBN 93.9 FM	Cascavel	FM	93.9	6
Rádio CBN Curitiba 95.1 FM	Curitiba	FM	95.1	6
Rádio CBN Londrina 100.9 FM	Londrina	FM	100.9	6
Rádio CBN Maringá 95.5 FM	Maringá	FM	95.5	6
Rádio CBN Ponta Grossa 105.9 FM	Ponta Grossa	FM	105.9	6
Rádio Celinauta 88.3 FM	Pato Branco	FM	88.3	6
Rádio Chopinzinho 102.9 FM	Chopinzinho	FM	102.9	6
Rádio Chrystian 97.3 FM	Alto Piquiri	FM	97.3	6
Rádio Cia FM 95.9 FM	Cianorte	FM	95.9	6
Rádio Cidadão 88.1 FM	Mallet	FM	88.1	6
Rádio Cidade 100.1 FM	Foz do Iguaçu	FM	100.1	6
Rádio Cidade 104.7 FM	Medianeira	FM	104.7	6
Rádio Cidade 104.9 FM	Colorado	FM	104.9	6
Rádio Cidade 104.9 FM	Enéas Marques	FM	104.9	6
Rádio Cidade 104.9 FM	Jacarezinho	FM	104.9	6
Rádio Cidade 104.9 FM	Marilena	FM	104.9	6
Rádio Cidade 104.9 FM	Três Barras do Paraná	FM	104.9	6
Rádio Cidade 105.9 FM	Alto Paraná	FM	105.9	6
Rádio Cidade 105.9 FM	Cambira	FM	105.9	6
Rádio Cidade 87.9 FM	Arapoti	FM	87.9	7
Rádio Cidade 87.9 FM	Araruna	FM	87.9	7
Rádio Cidade 87.9 FM	Colombo	FM	87.9	7
Rádio Cidade 87.9 FM	Ivaté	FM	87.9	7
Rádio Cidade 87.9 FM	Paulo Frontin	FM	87.9	7
Rádio Cidade 87.9 FM	Peabiru	FM	87.9	7
Rádio Cidade 87.9 FM	Prudentópolis	FM	87.9	7
Rádio Cidade 93.1 FM	Loanda	FM	93.1	7
Rádio Cidade 96.3 FM	Palmital	FM	96.3	7
Rádio Cidade 99.5 FM	Cascavel	FM	99.5	7
Rádio Cidade 99.9 FM	Pato Branco	FM	99.9	7
Rádio Cidade Alta 105.9 FM	Diamante D'Oeste	FM	105.9	7
Rádio Cidade FM 98.5	Centenário do Sul	FM	98.5	7
Rádio Cidade Jardim Alegre 104.9 FM	Jardim Alegre	FM	104.9	7
Rádio Cidade Verão 104.9 FM	Santa Terezinha de Itaipu	FM	104.9	7
Rádio Cincão 87.9 FM	Londrina	FM	87.9	7
Rádio City 104.9 FM	Paranacity	FM	104.9	7
Rádio Clássica 99.3 FM	Foz do Iguaçu	FM	99.3	7
Radio Cleveland FM 90.5	Clevelândia	FM	90.5	7
Rádio Club 99.5 FM	Palmas	FM	99.5	7
Rádio Clube 100.9 FM	Foz do Iguaçu	FM	100.9	7
Rádio Clube 101.3 FM	Realeza	FM	101.3	7
Rádio Clube 101.5 FM	Curitiba	FM	101.5	8
Rádio Clube 106.5 FM	Salto do Lontra	FM	106.5	8
Rádio Clube 94.1 FM	Ponta Grossa	FM	94.1	8
Rádio Clube 95.7 FM	Londrina	FM	95.7	1
Rádio Clube 99.3 FM	Palotina	FM	99.3	8
Rádio Clube de Mallet 89.1 FM	Mallet	FM	89.1	8
Rádio Cobra 107.1 FM	Londrina	FM	107.1	8
Rádio Cobra 90.3 FM	Porecatu	FM	90.3	8
Rádio Cobra 92.7 FM	Maringá	FM	92.7	8
Rádio Colina do Vale 87.9 FM	Borrazópolis	FM	87.9	8
Rádio Colinas 91.9 FM	Ibaiti	FM	91.9	8
Rádio Colmeia 105.9 FM	Cascavel	FM	105.9	8
Rádio Colméia 98.7 FM	Maringá	FM	98.7	1
Rádio Colméia News 89.7 FM	Campo Mourão	FM	89.7	8
Rádio Colorado 92.1 FM	Colorado	FM	92.1	8
Rádio Comunidade 87.9 FM	Janiópolis	FM	87.9	8
Rádio Comunitária Anawin 106.3 FM	Francisco Beltrão	FM	106.3	8
Rádio Comunitaria Matinal 87.9 FM	Quatiguá	FM	87.9	8
Rádio Comunitaria Sanjorgense 87.9 FM	São Jorge d'Oeste	FM	87.9	8
Rádio Copas Verdes 101.3 FM	Prudentópolis	FM	101.3	8
Rádio Corumbataí 87.9 FM	Corumbataí do Sul	FM	87.9	8
Rádio Costa Oeste 89.7 FM	Guaíra	FM	89.7	8
Rádio Costa Oeste 92.3 FM	Itaipulândia	FM	92.3	8
Rádio Costa Oeste São Miguel 106.5 FM	São Miguel do Iguaçu	FM	106.5	8
Rádio Costa Oeste Terra das Águas 93.3 FM	Santa Helena	FM	93.3	9
Radio Criativa 104.9 FM	Boa Vista da Aparecida	FM	104.9	9
Rádio Cristal 92.9 FM	Marmeleiro	FM	92.9	9
Rádio Cristalina 103.7 FM	Nova Santa Rosa	FM	103.7	9
Rádio Cruzeiro 98.3 FM	Palmeira	FM	98.3	9
Rádio Crystal 100.1 FM	Cafelândia	FM	100.1	9
Rádio Cultura 104 FM	Cascavel	FM	-	9
Rádio Cultura 105.9 FM	Medianeira	FM	105.9	9
Rádio Cultura 106.3 FM	Marmeleiro	FM	106.3	9
Rádio Cultura 107.3 FM	Apucarana	FM	107.3	9
Rádio Cultura 820 AM	Foz do Iguaçu	AM	820	9
Rádio Cultura 87.9 FM	General Carneiro	FM	87.9	9
Rádio Cultura 87.9 FM	Irati	FM	87.9	9
Rádio Cultura 90.1 FM	Palotina	FM	90.1	9
Rádio Cultura 93.7 FM	Paranavaí	FM	93.7	9
Rádio Cultura 930 AM	Curitiba	AM	930	9
Rádio Cultura 96.1 FM	Umuarama	FM	96.1	9
Rádio Cultura Católica 94.3 FM	Guarapuava	FM	94.3	9
Rádio Cultura FM 101.7	Iporã	FM	101.7	9
Rádio Cultura Gospel 104.9 FM	Cascavel	FM	104.9	9
Rádio Cultura Sul 97.5 FM	São Mateus do Sul	FM	97.5	9
Rádio Danúbio Azul 95.9 FM	Santa Izabel do Oeste	FM	95.9	9
Rádio Desterro 106.5 FM	Santa Fé	FM	106.5	10
Rádio Diamante 87.9 FM	Diamante do Sul	FM	87.9	10
Rádio Difusora 101.9 FM	Curitiba	FM	101.9	10
Rádio Difusora 102.3 FM	Santo Antônio da Platina	FM	102.3	10
Rádio Difusora 104.7 FM	Paranaguá	FM	104.7	10
Rádio Difusora 107.1 FM	Guarapuava	FM	107.1	10
Rádio Difusora 107.3 FM	Rio Negro	FM	107.3	10
Rádio Difusora 690 AM	Londrina	AM	690	10
Rádio Difusora 95.1 FM	Marechal Cândido Rondon	FM	95.1	10
Rádio Difusora 970 AM	Marechal Cândido Rondon	AM	970	10
Rádio Dina 104.9 FM	Douradina	FM	104.9	10
Rádio do Campo 87.5 FM	Campo do Tenente	FM	87.5	10
Rádio ECD 96.7 FM	Arapongas	FM	96.7	10
Rádio Eden 97.5 FM	Lupionópolis	FM	97.5	10
Rádio Educadora 103.7 FM	Wenceslau Braz	FM	103.7	10
Rádio Educadora 103.9 FM	Laranjeiras do Sul	FM	103.9	10
Rádio Educadora 107.3 FM	Dois Vizinhos	FM	107.3	10
Rádio Educadora 630 AM	Marechal Cândido Rondon	AM	630	10
Rádio Educadora 90.9 FM	Jacarezinho	FM	90.9	28
Rádio Educadora 96.3 FM	Francisco Beltrão	FM	96.3	10
Rádio Educadora Uniguaçu 101.9 FM	União da Vitória	FM	101.9	10
Rádio Educativa Cescage 107.7 FM	Ponta Grossa	FM	107.7	10
Rádio Educativa IFPR 106.3 FM	Paranaguá	FM	106.3	10
Rádio El Shaday 87.9 FM	Virmond	FM	87.9	11
Rádio Elite 101.7 FM	Pato Branco	FM	101.7	1
Rádio Entre Rios 87.9 FM	Entre Rios do Oeste	FM	87.9	11
Rádio Entre Rios 97.7 FM	Santo Antônio do Sudoeste	FM	97.7	11
Rádio Esperança 104.3 FM	Prudentópolis	FM	104.3	11
Rádio Esperança 98.1 FM	Ivaiporã	FM	98.1	11
Rádio Estilo 90.3 FM	Imbituva	FM	90.3	11
Rádio Estúdio 92.3 FM	Cascavel	FM	92.3	11
Rádio Evangelizar 103.1 FM	Lapa	FM	103.1	11
Rádio Evangelizar 99.5 FM	Curitiba	FM	99.5	1
Rádio Exclusiva 93.5 FM	Londrina	FM	93.5	11
Rádio Exclusiva 93.9 FM	Maringá	FM	93.9	11
Rádio Extra 107.7 FM	Chopinzinho	FM	107.7	11
Rádio FAG 104.9 FM	Toledo	FM	104.9	11
Rádio Fala Ai 87.9 FM	Arapongas	FM	87.9	11
Rádio Fazenda 87.9 FM	Fazenda Rio Grande	FM	87.9	11
Rádio Feliz 92.9 FM	Curitiba	FM	92.9	11
Rádio Fênix 87.9 FM	Juranda	FM	87.9	11
Rádio Fênix 87.9 FM	São João	FM	87.9	11
Rádio Ferraz 87.7 FM	Paraíso do Norte	FM	87.7	11
Rádio Floresta 104.9 FM	Coronel Domingos Soares	FM	104.9	11
Rádio Florestópolis 87.9 FM	Florestópolis	FM	87.9	11
Rádio FM Verde Vale 94.1	União da Vitória	FM	94.1	11
Rádio Fonte De Água Viva 104.9 FM	Manoel Ribas	FM	104.9	11
Rádio Foz 103.7 FM	Foz do Iguaçu	FM	103.7	12
Rádio Fronteira 101.7 FM	Foz do Iguaçu	FM	101.7	12
Rádio Fronteira 94.3 FM	Barracão	FM	94.3	12
Rádio Gazeta 87.9 FM	São Jerônimo da Serra	FM	87.9	12
Rádio Gazeta 90.9 FM	Nova Aurora	FM	90.9	12
Rádio Gideões da Fé 106.3 FM	Cambé	FM	106.3	12
Rádio Goioerê 97.5 FM	Goioerê	FM	97.5	12
Rádio Graciosa 98.3 FM	Morretes	FM	98.3	12
Rádio Gramados 87.9 FM	Honório Serpa	FM	87.9	12
Rádio Grande Lago 580 AM	Santa Helena	AM	580	12
Rádio Graúna 95.3 FM	Cornélio Procópio	FM	95.3	12
Rádio Guaçu 100.7 FM	Toledo	FM	100.7	12
Rádio Guadalupe 102.1 FM	Loanda	FM	102.1	12
Rádio Guaraniaçu 104.9 FM	Guaraniaçu	FM	104.9	12
Radio Guaribas 104.9 FM	Palmas	FM	104.9	12
Rádio Harmonia Mercosul 100.7 FM	Foz do Iguaçu	FM	100.7	12
Radio Hawai 100.9 FM	Capitão Leônidas Marques	FM	100.9	12
Rádio Horizonte 96.5 FM	Palmas	FM	96.5	12
Rádio Iguaçu 104.9 FM	Planalto	FM	104.9	12
Rádio Iguaçu 87.9 FM	Espigão Alto do Iguaçu	FM	87.9	12
Rádio Iguaçu 87.9 FM	Reserva do Iguaçu	FM	87.9	12
Rádio Iguassu 830 AM	Araucária	AM	830	12
Rádio Ilha 107.1 FM	Umuarama	FM	107.1	13
Rádio Ilha do Mel 90.3 FM	Paranaguá	FM	90.3	13
Rádio Ilustrada 102.3 FM	Umuarama	FM	102.3	13
Rádio Imbaú 87.9 FM	Imbaú	FM	87.9	13
Rádio Independência 92.7 FM	Medianeira	FM	92.7	13
Rádio Independência 94.1 FM	Salto do Lontra	FM	94.1	13
Rádio Índia 87.9 FM	Indianópolis	FM	87.9	13
Rádio Ingamar 1130 AM	Marialva	AM	1130	13
Rádio Integração 104.9 FM	Itapejara d'Oeste	FM	104.9	13
Rádio Integração 89.7 FM	Santa Helena	FM	89.7	13
Rádio Interativa 104.9 FM	Capitão Leônidas Marques	FM	104.9	13
Rádio Interativa 87.7 FM	Campina Grande do Sul	FM	87.7	13
Rádio Interativa 87.9 FM	Cruz Machado	FM	87.9	13
Rádio Interativa 91.7 FM	Ampére	FM	91.7	13
Rádio Internacional 107.9 FM	Quedas do Iguaçu	FM	107.9	13
Rádio Ipiranga 91.7 FM	Palmeira	FM	91.7	13
Rádio Itaperuçu 98.3 FM	Itaperuçu	FM	98.3	13
Rádio Itapuã 97.1 FM	Pato Branco	FM	97.1	13
Rádio Itay 88.7 FM	Tibagi	FM	88.7	13
Rádio Ivaí 101.5 FM	Santa Isabel do Ivaí	FM	101.5	13
Rádio Izabel 98.7 FM	Santa Izabel do Oeste	FM	98.7	13
Rádio Jaguar 105.9 FM	Jaguapitã	FM	105.9	13
Rádio Jaguariaíva 99.7 FM	Jaguariaíva	FM	99.7	14
Rádio Jandaia 103.3 FM	Jandaia do Sul	FM	103.3	14
Rádio Jandaia 620 AM	Jandaia do Sul	AM	620	14
Rádio Jornal 104.1 FM	São Miguel do Iguaçu	FM	104.1	14
Rádio Jovem Pan 101.3 FM	Maringá	FM	101.3	14
Rádio Jovem Pan 101.5 FM	Cascavel	FM	101.5	14
Rádio Jovem Pan 102.1 FM	Londrina	FM	102.1	14
Rádio Jovem Pan 103.1 FM	Arapoti	FM	103.1	14
Rádio Jovem Pan 103.5 FM	Ponta Grossa	FM	103.5	14
Rádio Jovem Pan 103.9 FM	Curitiba	FM	103.9	14
Rádio Jovem Pan 92.9 FM	Ivaiporã	FM	92.9	14
Rádio Jovem Pan 96.1 FM	Guarapuava	FM	96.1	14
Rádio Jovem Pan 98.3 FM	União da Vitória	FM	98.3	14
Rádio Jovem Pan News 104.5 FM	Londrina	FM	104.5	14
Rádio Jovem Pan News 105.1 FM	Foz do Iguaçu	FM	105.1	14
Rádio Jovem Pan News 107.1 FM	Curitiba	FM	107.1	14
Rádio Jovem Pan News 99.3 FM	Maringá	FM	99.3	14
Rádio Jovem Prata 93.3 FM	Nova Prata do Iguaçu	FM	93.3	14
Rádio Kairós 88.9 FM	Terra Boa	FM	88.9	14
Rádio Kairós GC 88.7 FM	General Carneiro	FM	88.7	14
Rádio Kiss 93.3 FM	Curitiba	FM	93.3	14
Rádio Lagoa 98.5 FM	Ponta Grossa	FM	98.5	14
Rádio Lapeana 98.3 FM	Lapa	FM	98.3	15
Rádio Lara 87.9 FM	Moreira Sales	FM	87.9	15
Rádio Legendária 95.9 FM	Lapa	FM	95.9	15
Rádio Liberdade 104.9 FM	Pato Branco	FM	104.9	15
Rádio Liberdade 87.5 FM - Rio Negro PR	Rio Negro	FM	87.5	15
Rádio Liberdade 87.9 FM	Altônia	FM	87.9	15
Rádio Liberdade 87.9 FM	Roncador	FM	87.9	15
Rádio Liberdade 87.9 FM	Santa Helena	FM	87.9	15
Rádio Líder 87.9 FM	Curiúva	FM	87.9	15
Rádio Líder 87.9 FM	Santa Cecília do Pavão	FM	87.9	15
Rádio Líder Sul 106.7 FM	Laranjeiras do Sul	FM	106.7	15
Rádio Lidianópolis 104.9 FM	Lidianópolis	FM	104.9	15
Rádio Linda 104.9 FM	Lindoeste	FM	104.9	15
Rádio Litoral Sul 95.9 FM	Paranaguá	FM	95.9	15
Rádio Litorânea 91.5 FM	Guaratuba	FM	91.5	15
Rádio Londrina 560 AM	Londrina	AM	560	15
Rádio Loreto FM 87.9	Itaguajé	FM	87.9	15
Rádio Luas 87.9 FM	Primeiro de Maio	FM	87.9	15
Rádio Lumen 96.7 FM	Curitiba	FM	96.7	15
Rádio Lunardelli 87.9 FM	Lunardelli	FM	87.9	15
Rádio Madasol 91.7 FM	Piraí do Sul	FM	91.7	15
Rádio Magic 100.7 FM	Paranavaí	FM	100.7	15
Rádio Magic 88.9 FM	Curitiba	FM	88.9	16
Rádio Magic 90.9 FM	Maringá	FM	90.9	16
Rádio Mais 100.5 FM	Campina da Lagoa	FM	100.5	16
Rádio Manancial Iguassu 95.3 FM	Foz do Iguaçu	FM	95.3	16
Rádio Manda 105.9 FM	Mandaguaçu	FM	105.9	16
Rádio Mantovani 104.9 FM	Cascavel	FM	104.9	16
Rádio Marechal 107.9 FM	Marechal Cândido Rondon	FM	107.9	16
Rádio Maringá 97.1 FM	Maringá	FM	97.1	16
Rádio Marumby 730 AM	Curitiba	AM	730	16
Rádio Marumby 88.5 FM	Curitiba	FM	88.5	16
Rádio Massa 100.7 FM	Ivaiporã	FM	100.7	16
Rádio Massa 101.1 FM	Ponta Grossa	FM	101.1	16
Rádio Massa 102.5 FM	Terra Roxa	FM	102.5	16
Rádio Massa 103.5 FM	Cascavel	FM	103.5	16
Rádio Massa 103.5 FM	Paranaguá	FM	103.5	16
Rádio Massa 103.7 FM	Telêmaco Borba	FM	103.7	16
Rádio Massa 105.7 FM	Foz do Iguaçu	FM	105.7	16
Rádio Massa 105.7 FM	Guarapuava	FM	105.7	16
Rádio Massa 106.5 FM	União da Vitória	FM	106.5	16
Rádio Massa 107.3 FM	Nova Aurora	FM	107.3	16
Rádio Massa 107.9 FM	Ubiratã	FM	107.9	16
Rádio Massa 88.1 FM	Mandaguari	FM	88.1	16
Rádio Massa 88.7 FM	Capanema	FM	88.7	17
Rádio Massa 91.5 FM	Assis Chateaubriand	FM	91.5	17
Rádio Massa 91.9 FM	Medianeira	FM	91.9	17
Rádio Massa 92.3 FM	Maringá	FM	92.3	17
Rádio Massa 94.5 FM	Umuarama	FM	94.5	17
Rádio Massa 95.3 FM	Francisco Beltrão	FM	95.3	17
Rádio Massa 96.9 FM	Cianorte	FM	96.9	17
Rádio Massa 97.3 FM	Londrina	FM	97.3	17
Rádio Massa 97.7 FM	Curitiba	FM	97.7	17
Rádio Massa 97.9 FM	Céu Azul	FM	97.9	17
Rádio Massa 98.5 FM	Toledo	FM	98.5	17
Rádio Massa 99.9 FM	Campo Mourão	FM	99.9	17
Rádio Master 99.9 FM	Engenheiro Beltrão	FM	99.9	17
Rádio Matelândia 106.9 FM	Matelândia	FM	106.9	17
Rádio Mauá 87.9 FM	Mauá da Serra	FM	87.9	17
Rádio Máxima 90.9 FM	Coronel Vivida	FM	90.9	17
Rádio Mega 87.9 FM	São Tomé	FM	87.9	17
Rádio Melodia 100.5 FM	Maringá	FM	100.5	17
Radio Menina 106.9 FM	Pranchita	FM	106.9	17
Rádio Mercedes 87.9 FM	Mercedes	FM	87.9	17
Rádio Mercosul 91.7 FM	Guaíra	FM	91.7	17
Rádio Mercosul 92.9 FM	Curitiba	FM	92.9	17
Rádio Mercosul Cerro Azul 90.5 FM	Cerro Azul	FM	90.5	18
Rádio Metropolitana 92.5 FM	Cruzeiro do Oeste	FM	92.5	18
Rádio Metropolitana 93.7 FM	Foz do Iguaçu	FM	93.7	18
Rádio Milenium 87.9 FM	Uraí	FM	87.9	18
Rádio Miss 88.1 FM	Santo Antônio do Sudoeste	FM	88.1	18
Rádio Mix 102.9 FM	Londrina	FM	102.9	18
Rádio Mix 91.1 FM	Foz do Iguaçu	FM	91.1	18
Rádio Mix 94.7 FM	Ponta Grossa	FM	94.7	18
Rádio Mix 97.9 FM	Maringá	FM	97.9	18
Rádio Mix 98.3 FM	Curitiba	FM	98.3	18
Rádio Mizão 105.9 FM	Floraí	FM	105.9	18
Rádio Modão 89.9 FM	Tamarana	FM	89.9	18
Rádio Modão 93.9 FM	Pitanga	FM	93.9	18
Rádio Morada Amiga 104.9 FM	Assis Chateaubriand	FM	104.9	18
Rádio Morada do Vento 87.9 FM	Joaquim Távora	FM	87.9	18
Rádio Movimento 97.5 FM	Pato Branco	FM	97.5	18
Rádio Muleka 88.7 FM	Paraíso do Norte	FM	88.7	18
Rádio Mundi 99.3 FM	Ponta Grossa	FM	99.3	18
Rádio Mundial 100.3 FM	Toledo	FM	100.3	18
Rádio Mundial 90.7 FM	Foz do Iguaçu	FM	90.7	18
Rádio Mundo Livre 102.5 FM	Maringá	FM	102.5	18
Rádio Mundo Livre 93.1 FM	Londrina	FM	93.1	18
Rádio Mundo Livre 93.9 FM	Curitiba	FM	93.9	19
Rádio Mundo Melhor 103.3 FM	Araucária	FM	103.3	19
Rádio Munhoz 105.9 FM	Munhoz de Melo	FM	105.9	19
Rádio Municipal 92.5 FM	Quedas do Iguaçu	FM	92.5	19
Rádio Música 89.9 FM	Cianorte	FM	89.9	19
Rádio Musical 100.9 FM	Campo Mourão	FM	100.9	19
Rádio MZ 96.7 FM	Ponta Grossa	FM	96.7	19
Rádio Nacional 100.7 FM	Fazenda Rio Grande	FM	100.7	19
Rádio Nacional 90.1 FM	Foz do Iguaçu	FM	90.1	19
Rádio Najuá 106.9 FM	Irati	FM	106.9	19
Rádio Nativa 104.9 FM	Santa Lúcia	FM	104.9	19
Rádio Nativa 105.9 FM	São José das Palmeiras	FM	105.9	19
Rádio Nativa 87.9 FM	Missal	FM	87.9	19
Rádio Nativa 95.1 FM	Arapongas	FM	95.1	19
Rádio Nativa Mix 87.9 FM	Goioxim	FM	87.9	19
Rádio Norte 100.3 FM	Londrina	FM	100.3	19
Rádio Nossa Senhora Medianeira	Santa Mariana	-	-	19
Rádio Nova 106.3 FM	Nova Cantu	FM	106.3	19
Rádio Nova 87.9 FM	Paranavaí	FM	87.9	19
Rádio Nova 98.5 FM	Verê	FM	98.5	19
Rádio Nova AM 910	Apucarana	AM	910	19
Rádio Nova Cerro Azul 87.9 FM	Cerro Azul	FM	87.9	19
Rádio Nova Era 97.5 FM	Borrazópolis	FM	97.5	20
Rádio Nova FM 87.5	Pontal do Paraná	FM	87.5	20
Rádio Nova Geração 87.9 FM	Jataizinho	FM	87.9	20
Rádio Nova Guairacá 91.1 FM	Terra Rica	FM	91.1	20
Rádio Nova Interativa 103.1 FM	Colorado	FM	103.1	20
Radio Nova Mensagem 91.5 FM	Telêmaco Borba	FM	91.5	20
Rádio Nova Mundial 93.7 FM	Abapã	FM	93.7	20
Rádio Nova Pinhais 87.9 FM	Pinhais	FM	87.9	20
Rádio Nova Rio Negro 90.7 FM	Rio Negro	FM	90.7	20
Rádio Nova Sengés 87.9 FM	Sengés	FM	87.9	20
Rádio Nova Tamarana 87.9 FM	Tamarana	FM	87.9	20
Rádio Novo Dia 94.1 FM	Londrina	FM	94.1	20
Rádio Novo Milênio 87.5 FM	São Mateus do Sul	FM	87.5	20
Rádio Novo Milênio 87.9 FM	Umuarama	FM	87.9	20
Rádio Novo Tempo 104.9 FM	Maringá	FM	104.9	20
Rádio Novo Tempo 105.5 FM	Londrina	FM	105.5	20
Rádio Novo Tempo 106.5 FM	Curitiba	FM	106.5	20
Rádio Oeste 104.9 FM	Cascavel	FM	104.9	20
Rádio Olga Aciolli Cianorte 102.9 FM	Cianorte	FM	102.9	20
Rádio Olimpia 87.9 FM	Nova Olímpia	FM	87.9	20
Rádio Onda Livre 87.9 FM	Campo Largo	FM	87.9	20
Rádio Onda Mix 101.7 FM	Tapejara	FM	101.7	20
Rádio Onda Sul 98.7 FM	Francisco Beltrão	FM	98.7	21
Rádio Ouro Verde Easy 105.5 FM	Curitiba	FM	105.5	21
Rádio Paiquerê 91.7 FM	Londrina	FM	91.7	21
Rádio Paiquerê 98.9 FM	Londrina	FM	98.9	21
Rádio Pallotti 88.7 FM	Coronel Vivida	FM	88.7	21
Rádio Palotina 87.9 FM	Palotina	FM	87.9	21
Rádio Panorama 94.9 FM	Moreira Sales	FM	94.9	21
Rádio Paraíso 87.9 FM	Iretama	FM	87.9	21
Rádio Paraná Educativa 630 AM	Curitiba	AM	630	21
Rádio Paraná Educativa 97.1 FM	Curitiba	FM	97.1	21
Rádio Pato 87.9 FM	Pato Bragado	FM	87.9	21
Rádio Paula Freitas 87.9 FM	Paula Freitas	FM	87.9	21
Rádio Pé Vermelho 100.3 FM	Barbosa Ferraz	FM	100.3	21
Rádio Pérola 88.9 FM	Pérola d'Oeste	FM	88.9	21
Rádio Piên 87.5 FM	Piên	FM	87.5	21
Rádio Pinga Fogo 91.5 FM	Maringá	FM	91.5	21
Rádio Pinhais 87.9 FM	Pinhais	FM	87.9	21
Rádio Pioneira 104.9 FM	Catanduvas	FM	104.9	21
Rádio Pioneira 104.9 FM	Pinhão	FM	104.9	21
Radio Pioneira 91.3 FM	Paiçandu	FM	91.3	21
Rádio Pioneira 98.9 FM	Formosa do Oeste	FM	98.9	21
Rádio Pirâmide 99.1 FM	São João	FM	99.1	21
Rádio Pitanga 102.3 FM	Pitanga	FM	102.3	22
Rádio Piti 92.1 FM	Assis Chateaubriand	FM	92.1	22
Rádio Placar 99.1 FM	Ortigueira	FM	99.1	22
Radio Planalto 87.9 FM	Goioerê	FM	87.9	22
Rádio Planalto 89.3 FM	Planalto	FM	89.3	22
Rádio Play 87.9 FM	Ibiporã	FM	87.9	22
Rádio Poema 104.1 FM	Pitanga	FM	104.1	22
Rádio Pontal 101.1 FM	Nova Londrina	FM	101.1	22
Rádio Porto 98.3 FM	Porto Amazonas	FM	98.3	28
Rádio Potência FM 104.9 Quedas do Iguaçu	Quedas do Iguaçu	FM	104.9	22
Rádio Princesa 87.9 FM	Ponta Grossa	FM	87.9	22
Rádio Princesa 92.3 FM	Francisco Beltrão	FM	92.3	22
Rádio Princesa 97.3 FM	Roncador	FM	97.3	22
Rádio Progresso 106.9 FM	Clevelândia	FM	106.9	22
Rádio Quitandinha 98.3 FM	Quitandinha	FM	98.3	22
Rádio Rainha 104.9 FM	Nova Londrina	FM	104.9	22
Rádio Rainha 90.7 FM	Altônia	FM	90.7	22
Rádio Rainha da Paz 87.9 FM	Cornélio Procópio	FM	87.9	22
Rádio Raízes 98.7 FM	Bela Vista da Caroba	FM	98.7	22
Rádio RC 98.1 FM	Cornélio Procópio	FM	98.1	22
Rádio RCV 87.9 FM	Dois Vizinhos	FM	87.9	22
Rádio RDR Apucarana 94.5 FM	Apucarana	FM	94.5	22
Rádio RDR FM 101.9	Paranavaí	FM	101.9	22
Rádio RDX FM 88.7	São Mateus do Sul	FM	88.7	23
Rádio Rebouças 87.9 FM	Rebouças	FM	87.9	23
Rádio Rede Aleluia 104.3 FM	Curitiba	FM	104.3	23
Rádio Rede Aleluia 104.3 FM	Maringá	FM	104.3	23
Rádio Rede Aleluia 83.7 FM	Curitiba	FM	83.7	23
Rádio Rede Aleluia 88.5 FM	Londrina	FM	88.5	23
Rádio Rede Aleluia 93.1 FM	Ponta Grossa	FM	93.1	23
Rádio Rede Nação 89.5 FM	Arapongas	FM	89.5	23
Rádio Reserva 87.9 FM	Reserva	FM	87.9	23
Rádio Rio Bom 87.9 FM	Rio Bom	FM	87.9	23
Rádio Rio Bonito 87.9 FM	Rio Bonito do Iguaçu	FM	87.9	23
Rádio Rota do Sol 107.5 FM	Boa Vista da Aparecida	FM	107.5	23
Rádio RUC 100.1 FM	Maringá	FM	100.1	23
Rádio Rural 87.9 FM	Marialva	FM	87.9	23
Rádio San 106.3 FM	Capitão Leônidas Marques	FM	106.3	23
Rádio Santa Fé 105.9 FM	Santa Fé	FM	105.9	23
Radio Santa Rita 87.9 FM	Terra Roxa	FM	87.9	23
Rádio Santa Rosa FM 105.9	Nova Santa Rosa	FM	105.9	23
Rádio Santa Tereza 104.9 FM	Santa Tereza do Oeste	FM	104.9	23
Rádio Santana 87.9 FM	Santana do Itararé	FM	87.9	23
Rádio Santana 89.7 FM	Ponta Grossa	FM	89.7	23
Rádio Santiago 87.9 FM	Saudade do Iguaçu	FM	87.9	23
Rádio Santo Inácio 87.9 FM	Santo Inácio	FM	87.9	24
Rádio São Carlos 105.9 FM	São Carlos do Ivaí	FM	105.9	24
Rádio São Francisco 87.7 FM	Maringá	FM	87.7	24
Rádio São Francisco 87.9 FM	Laranjeiras do Sul	FM	87.9	24
Rádio São João 93.5 FM	São João	FM	93.5	24
Rádio São José 87.9 FM	São José dos Pinhais	FM	87.9	24
Rádio São Miguel 105.9 FM	São Miguel do Iguaçu	FM	105.9	24
Rádio São Pedro 105.9 FM	São Pedro do Ivaí	FM	105.9	24
Rádio Sara Brasil FM 107.5	Curitiba	FM	107.5	24
Rádio Serra 95.7 FM	Candói	FM	95.7	24
Radio Serra do Mar 98.3 FM	Piraquara	FM	98.3	24
Rádio Sertão 87.9 FM	Sertanópolis	FM	87.9	24
Rádio Sinuelo 105.9 FM	Itaipulândia	FM	105.9	24
Rádio Skala 87.9 FM	Paranavaí	FM	87.9	24
Rádio Studio 87.9 FM	Assaí	FM	87.9	24
Radio Sucesso 105.9 FM	Itapejara d'Oeste	FM	105.9	24
Rádio Super Jovem 103.3 FM	Francisco Beltrão	FM	103.3	24
Rádio Super Najuá 92.5 FM	Irati	FM	92.5	24
Rádio Supercap 103.9 FM	Cambará	FM	103.9	24
Rádio T 100.1 FM	Matinhos	FM	100.1	24
Rádio T 100.9 FM	Guarapuava	FM	100.9	24
Rádio T 104.7 FM	Telêmaco Borba	FM	104.7	24
Rádio T 104.9 FM	Curitiba	FM	104.9	25
Rádio T 105.3 FM	Brasilândia do Sul	FM	105.3	25
Rádio T 105.3 FM	Ponta Grossa	FM	105.3	25
Rádio T 107.5 FM	Mamborê	FM	107.5	25
Rádio T 107.7 FM	Faxinal	FM	107.7	25
Rádio T 107.9 FM	Irati	FM	107.9	25
Rádio T 88.1 FM	Foz do Iguaçu	FM	88.1	25
Rádio T 88.3 FM	Paranacity	FM	88.3	25
Rádio T 88.9 FM	Cantagalo	FM	88.9	25
Rádio T 88.9 FM	Ubiratã	FM	88.9	25
Rádio T 90.1 FM	Catanduvas	FM	90.1	25
Rádio T 91.1 FM	Ibaiti	FM	91.1	25
Rádio T 91.3 FM	Capanema	FM	91.3	25
Rádio T 93.1 FM	Cascavel	FM	93.1	25
Rádio T 95.7 FM	Wenceslau Braz	FM	95.7	25
Rádio T 97.3 FM	Paranaguá	FM	97.3	25
Rádio T 97.5 FM	Andirá	FM	97.5	25
Rádio T 97.7 FM	Londrina	FM	97.7	25
Rádio T 97.7 FM	Palotina	FM	97.7	25
Rádio T 98.5 FM	Campo Mourão	FM	98.5	25
Rádio T 99.1 FM	Paranavaí	FM	99.1	25
Rádio T FM 89.1	Maringá	FM	89.1	25
Rádio Tâmara 105.9 FM	Nova Esperança	FM	105.9	26
Rádio Tapejara 87.5 FM	Tapejara	FM	87.5	26
Rádio Tarobá 101.7 FM	Londrina	FM	101.7	26
Rádio Tarobá 95.7 FM	Cascavel	FM	95.7	26
Rádio Terra 104.9 FM	Guaíra	FM	104.9	26
Rádio Terra 87.9 FM	Terra Rica	FM	87.9	26
Rádio Terra 94.7 FM	Campo Mourão	FM	94.7	26
Rádio Terra FM 87.9	Tupãssi	FM	87.9	26
Rádio Terra HD 90.7 FM	Cidade Gaúcha	FM	90.7	26
Rádio Terra HD 95.3 FM	Terra Rica	FM	95.3	26
Rádio Terra Nativa 101.1 FM	Andirá	FM	101.1	26
Rádio Terra Nativa 107.1 FM	Guaratuba	FM	107.1	26
Rádio Terra Nativa 1360 AM	Assaí	AM	1360	26
Rádio Terra Nativa 1560 AM	Ribeirão do Pinhal	AM	1560	26
Rádio Terra Nativa 87 FM	Colorado	FM	-	26
Rádio Terra Nativa 93.7 FM	Cornélio Procópio	FM	93.7	26
Rádio Terra Nativa 95.3 FM	Juranda	FM	95.3	26
Rádio Terra Nativa 99.5 FM	Mandaguari	FM	99.5	26
Rádio Terra Nativa Flashback 91.3 FM	Apucarana	FM	91.3	26
Rádio Thalento 97.9 FM	Rio Azul	FM	97.9	26
Rádio Timburi 98.5 FM	Andirá	FM	98.5	26
Rádio TMC 100.3 FM	Curitiba	FM	100.3	1
Rádio Top 87.9 FM	Terra Boa	FM	87.9	26
Rádio Top 97.9 FM	Guaíra	FM	97.9	27
Rádio Tribuna Soft 90.1 FM	Londrina	FM	90.1	27
Rádio Tropical 104.9 FM	Capanema	FM	104.9	27
Rádio Tropical 104.9 FM	Clevelândia	FM	104.9	27
Rádio Tropical 106.3 FM	Quatro Pontes	FM	106.3	27
Rádio Tuneiras 87.5 FM	Tuneiras do Oeste	FM	87.5	27
Rádio Turvo Ativo 87.9 FM	Turvo	FM	87.9	27
Rádio UEL 107.9 FM	Londrina	FM	107.9	27
Rádio UEM 106.9 FM	Maringá	FM	106.9	27
Radio Uni 94.5 FM	Curitiba	FM	94.5	27
Rádio União 87.9 FM	Mamborê	FM	87.9	27
Rádio União 90.3 FM	Toledo	FM	90.3	27
Rádio Unicentro Entre Rios 99.7 FM	Guarapuava	FM	99.7	27
Rádio Vale 88.3 FM	São João do Ivaí	FM	88.3	27
Radio Vale 91.3 FM	Verê	FM	91.3	27
Rádio Vale do Cinzas 87.9 FM	Tomazina	FM	87.9	27
Rádio Vale do Iguaçu 87.9 FM	São João do Triunfo	FM	87.9	27
Rádio Vale do Mel 100.7 FM	Irati	FM	100.7	27
Rádio Vale do Sol 100.5 FM	Santo Antônio da Platina	FM	100.5	27
Rádio Vale do Sol 104.9 FM	Cândido de Abreu	FM	104.9	27
Rádio Vale do Tibagi 87.9 FM	Telêmaco Borba	FM	87.9	27
Rádio Vale Verde 96.5 FM	Jesuítas	FM	96.5	27
Rádio Verde Oeste 105.9 FM	Ouro Verde do Oeste	FM	105.9	28
Radio Verde Vale 99.9 FM	Salgado Filho	FM	99.9	28
Rádio Verdes Campos 87.5 FM	Laranjal	FM	87.5	28
Rádio Verdes Lagos 89.3 FM	Dois Vizinhos	FM	89.3	28
Rádio Victoria 87.9 FM	São Sebastião da Amoreira	FM	87.9	28
Rádio Vida 87.9 FM	Candói	FM	87.9	28
Rádio Vida FM Gospel 104.9	Andirá	FM	104.9	1
Rádio Vida Melhor 105.9 FM	Londrina	FM	105.9	28
Rádio Viola 98.1 FM	Guaraniaçu	FM	98.1	28
Rádio Viola Foz 91.7 FM	Foz do Iguaçu	FM	91.7	28
Rádio Vitória 104.9 FM	Vitorino	FM	104.9	28
Rádio Vizi 104.1 FM	Dois Vizinhos	FM	104.1	28
Rádio Vox Gospel 89.5 FM	Londrina	FM	89.5	28
Rádio Vox Gospel 94.9 FM	Iguaraçu	FM	94.9	28
Rádio Voz 106.7 FM	Foz do Iguaçu	FM	106.7	28
Rádio Voz 91.9 FM	Coronel Vivida	FM	91.9	28
Rádio Xadai 87.9 FM	Almirante Tamandaré	FM	87.9	28
Rádio Yara 88.7 FM	Bandeirantes	FM	88.7	28
Super Rádio Deus é Amor 1210 AM	Curitiba	AM	1210	28
Super Rádio Deus é Amor 640 AM	Londrina	AM	640	28